Language,Location,Filename,Lines,Code,Comments,Blanks,Complexity
gitignore,.gitignore,.gitignore,35,27,4,4,0
Markdown,README.md,README.md,409,271,0,138,0
Markdown,docs/microservice/微服务相关资料.md,微服务相关资料.md,7,4,0,3,0
Markdown,docs/interview/已投公司情况.md,已投公司情况.md,27,27,0,0,0
Markdown,docs/interview/自我介绍和项目介绍.md,自我介绍和项目介绍.md,62,38,0,24,0
Markdown,docs/operating-system/后端程序员必备的Linux基础知识.md,后端程序员必备的Linux基础知识.md,3,2,0,1,0
Markdown,docs/network/http面试问题全解析.md,http面试问题全解析.md,143,98,0,45,0
Markdown,docs/operating-system/操作系统、计算机网络相关知识.md,操作系统、计算机网络相关知识.md,15,8,0,7,0
Markdown,docs/dataStructures-algorithms/算法题目难点题目总结.md,算法题目难点题目总结.md,658,460,0,198,0
Markdown,docs/project/秒杀项目总结.md,秒杀项目总结.md,310,199,0,111,0
Markdown,docs/dataStructures-algorithms/算法面试真题汇总.md,算法面试真题汇总.md,138,100,0,38,0
Markdown,docs/interview-experience/面试常见问题分类汇总.md,面试常见问题分类汇总.md,1197,754,0,443,0
Markdown,docs/dataStructures-algorithms/递归套路总结.md,递归套路总结.md,223,151,0,72,0
Markdown,docs/interview-experience/各大公司面经.md,各大公司面经.md,246,156,0,90,0
Markdown,docs/dataStructures-algorithms/剑指offer难点总结.md,剑指offer难点总结.md,788,682,0,106,0
Markdown,docs/dataStructures-algorithms/高频算法题目总结.md,高频算法题目总结.md,2398,2094,0,304,0
Markdown,docs/project/消息中间件面试题.md,消息中间件面试题.md,3249,1821,0,1428,0
